<?xml version='1.0' encoding='UTF-8'?>
<metadata>
  <idinfo>
    <citation>
      <citeinfo>
        <origin>Janet S. Prevéy</origin>
        <origin>Catherine S. Jarnevich</origin>
        <origin>Ian S. Pearse</origin>
        <origin>Seth M. Munson</origin>
        <origin>Jens T. Stevens</origin>
        <origin>Jonathan D. Coop</origin>
        <origin>Paula J. Fornwalt</origin>
        <origin>Camille S. Stevens-Rumann</origin>
        <origin>Meg A. Krawchuk</origin>
        <origin>Judith D. Springer</origin>
        <origin>Micheal T. Stoddard</origin>
        <origin>Becky K. Kerns</origin>
        <origin>Kevin J. Barrett</origin>
        <origin>Dave Firmage</origin>
        <origin>Claire M. Tortorelli</origin>
        <origin>James D. Johnston</origin>
        <origin>Michelle A. Day</origin>
        <origin>Ty C. Nietupski</origin>
        <origin>Becky A. Miller</origin>
        <origin>Katharine M. Haynes</origin>
        <origin>Jacquilyn Roque</origin>
        <pubdate>20240904</pubdate>
        <title>Projections of post-fire cover of non-native short-lived grasses and forbs under current and future climate conditions</title>
        <geoform>raster digital data</geoform>
        <onlink>https://doi.org/10.5066/P14X9ZQW</onlink>
        <lworkcit>
          <citeinfo>
            <origin>Janet S. Prevéy</origin>
            <origin>Catherine S. Jarnevich</origin>
            <origin>Ian S. Pearse</origin>
            <origin>Seth M. Munson</origin>
            <origin>Jens T. Stevens</origin>
            <origin>Kevin J. Barrett</origin>
            <origin>Jonathan D. Coop</origin>
            <origin>Michelle A. Day</origin>
            <origin>David Firmage</origin>
            <origin>Paula J. Fornwalt</origin>
            <origin>Katharine M. Haynes</origin>
            <origin>James D. Johnston</origin>
            <origin>Becky K. Kerns</origin>
            <origin>Meg A. Krawchuk</origin>
            <origin>Becky A. Miller</origin>
            <origin>Ty C. Nietupski</origin>
            <origin>Jacquilyn Roque</origin>
            <origin>Judith D. Springer</origin>
            <origin>Camille S. Stevens-Rumann</origin>
            <origin>Michael T. Stoddard</origin>
            <origin>Claire M. Tortorelli</origin>
            <pubdate>20240202</pubdate>
            <title>Non-native plant invasion after fire in western USA varies by functional type and with climate</title>
            <geoform>publication</geoform>
            <pubinfo>
              <pubplace>Biological Invasions</pubplace>
              <publish>Springer Science and Business Media LLC</publish>
            </pubinfo>
            <onlink>https://doi.org/10.1007/s10530-023-03235-9</onlink>
          </citeinfo>
        </lworkcit>
      </citeinfo>
    </citation>
    <descript>
      <abstract>These data provide current and future projected post-fire invasion risk by non-native short-lived grasses and forbs based on vegetation cover data from 26,729 plots in the western United States that burned prior to being sampled. Projected post-fire invasion risk was calculated using random forests with gridded climate, soil, and topographic predictor variables following Prevéy et al. (2024). Projections cover the western United States west of -100 longitude over the current time period (1981-2010), mid-century (2041–2070) and the end of the century (2071–2100) under medium (SSP245) and high (SSP585) greenhouse gas emission scenarios for non-native C3 short-lived grasses and non-native short-lived forbs. Each raster file represents the projected post-fire invasion risk for each non-native functional group ('sl_grass' = short-lived C3 grass, 'sl_forb' = short-lived forb), then the time period (current = 1981-2010, mid = 2041-2071, and late = 2071-2100), and lastly, the emissions scenario (none for current, '245' for SSP245, and '585' for SSP585). For example, 'sl_grass_mid_245.tif' is a raster file showing projected post-fire invasion risk for non-native short-lived C3 grasses for mid-century (2041-2070) under the SSP245 emissions scenario.</abstract>
      <purpose>The data synthesis informing these projections was conducted to examine how the abundance of non-native plants after fire varies in relation to environmental conditions such as soils, topography, and climate, and identify regions where post-fire plant invasions are most common following fires. The resulting spatial projections can help identify hotspots where invasions are the most common following fire now and in the future and allow for more targeted mitigation, monitoring, and restoration.</purpose>
    </descript>
    <timeperd>
      <timeinfo>
        <rngdates>
          <begdate>1981</begdate>
          <enddate>2100</enddate>
        </rngdates>
      </timeinfo>
      <current>ground condition</current>
    </timeperd>
    <status>
      <progress>Complete</progress>
      <update>None planned</update>
    </status>
    <spdom>
      <descgeog>western United States</descgeog>
      <bounding>
        <westbc>-124.9400</westbc>
        <eastbc>-97.9980</eastbc>
        <northbc>49.0000</northbc>
        <southbc>27.2156</southbc>
      </bounding>
    </spdom>
    <keywords>
      <theme>
        <themekt>ISO 19115 Topic Category</themekt>
        <themekey>biota</themekey>
      </theme>
      <theme>
        <themekt>USGS Thesaurus</themekt>
        <themekey>fires</themekey>
        <themekey>invasive species</themekey>
        <themekey>ecosystem management</themekey>
        <themekey>vegetation</themekey>
        <themekey>terrestrial ecosystems</themekey>
        <themekey>wildfire</themekey>
        <themekey>risk analysis</themekey>
      </theme>
      <theme>
        <themekt>Marine Realms Information Bank (MRIB) keywords</themekt>
        <themekey>climate change</themekey>
      </theme>
      <theme>
        <themekt>USGS Metadata Identifier</themekt>
        <themekey>USGS:667f2bb8d34e84b99fe5c149</themekey>
      </theme>
      <place>
        <placekt>None</placekt>
        <placekey>western USA</placekey>
        <placekey>USA</placekey>
      </place>
    </keywords>
    <accconst>None.  Please see 'Distribution Info' for details.</accconst>
    <useconst>None.  Users are advised to read the dataset's metadata thoroughly to understand appropriate use and data limitations.</useconst>
    <ptcontac>
      <cntinfo>
        <cntperp>
          <cntper>Janet S Prevey</cntper>
          <cntorg>U.S. Geological Survey, ROCKY MOUNTAIN REGION</cntorg>
        </cntperp>
        <cntpos>Research Ecologist</cntpos>
        <cntaddr>
          <addrtype>mailing address</addrtype>
          <address>2150 Centre Avenue Bldg C</address>
          <city>Fort Collins</city>
          <state>CO</state>
          <postal>80526</postal>
          <country>US</country>
        </cntaddr>
        <cntvoice>360-701-6466</cntvoice>
        <cntfax>970-226-9230</cntfax>
        <cntemail>jprevey@usgs.gov</cntemail>
      </cntinfo>
    </ptcontac>
  </idinfo>
  <dataqual>
    <attracc>
      <attraccr>The gridded values presented here are projected post-fire invasion risk values based on the percent cover of two non-native functional groups from vegetation plots measured after fires. Accuracy of projections for the current time period were assessed using R squared and root-mean-squared-error (RMSE) values for predictions compared with actual values.

Detailed methods describing random forest models and projections can be found in  Prevéy et al. (2024).</attraccr>
    </attracc>
    <logic>We checked to ensure that the data match the details reported in the metadata and that all values fell within expected ranges.</logic>
    <complete>Data represent projected post-fire invasion risk by non-native short-lived C3 grasses and short-lived forbs over the western USA (spatial extent: 31°- 49° N, 124°-100° W).</complete>
    <lineage>
      <srcinfo>
        <srccite>
          <citeinfo>
            <origin>T. Wang</origin>
            <origin>A. Hamann</origin>
            <origin>C. Carroll</origin>
            <pubdate>2022</pubdate>
            <title>Current and projected climate data for North America (CMIP6 scenarios generated using ClimateNA v7.3</title>
            <geoform>raster digital data</geoform>
            <othercit>AdaptWest Project. 2022. Gridded current and projected climate data for North America at 1km resolution, generated using the ClimateNA v7.30 software (T. Wang et al., 2022). Available at adaptwest.databasin.org</othercit>
            <onlink>https://adaptwest.databasin.org/pages/adaptwest-climatena/</onlink>
          </citeinfo>
        </srccite>
        <typesrc>Digital and/or Hardcopy</typesrc>
        <srctime>
          <timeinfo>
            <rngdates>
              <begdate>1981</begdate>
              <enddate>2100</enddate>
            </rngdates>
          </timeinfo>
          <srccurr>ground condition</srccurr>
        </srctime>
        <srccitea>ClimateNA</srccitea>
        <srccontr>Environmental predictors</srccontr>
      </srcinfo>
      <srcinfo>
        <srccite>
          <citeinfo>
            <origin>Laís Petri</origin>
            <origin>Evelyn M. Beaury</origin>
            <origin>Jeffrey Corbin</origin>
            <origin>Kristen Peach</origin>
            <origin>Helen Sofaer</origin>
            <origin>Ian S. Pearse</origin>
            <origin>Regan Early</origin>
            <origin>David T. Barnett</origin>
            <origin>Inés Ibáñez</origin>
            <origin>Robert K. Peet</origin>
            <origin>Michael Schafale</origin>
            <origin>Thomas R. Wentworth</origin>
            <origin>James P. Vanderhorst</origin>
            <origin>David N. Zaya</origin>
            <origin>Greg Spyreas</origin>
            <origin>Bethany A. Bradley</origin>
            <pubdate>20230112</pubdate>
            <title>SPCIS: Standardized Plant Community with Introduced Status database</title>
            <geoform>spreadsheet</geoform>
            <serinfo>
              <sername>Ecology</sername>
              <issue>vol. 104, issue 3</issue>
            </serinfo>
            <pubinfo>
              <pubplace>n/a</pubplace>
              <publish>Wiley</publish>
            </pubinfo>
            <onlink>https://doi.org/10.1002/ecy.3947</onlink>
          </citeinfo>
        </srccite>
        <typesrc>Digital and/or Hardcopy</typesrc>
        <srctime>
          <timeinfo>
            <rngdates>
              <begdate>19630901</begdate>
              <enddate>20200801</enddate>
            </rngdates>
          </timeinfo>
          <srccurr>ground condition</srccurr>
        </srctime>
        <srccitea>SPCIS</srccitea>
        <srccontr>plot-level vegetation data</srccontr>
      </srcinfo>
      <srcinfo>
        <srccite>
          <citeinfo>
            <origin>Amanda Ramcharan</origin>
            <origin>Tomislav Hengl</origin>
            <origin>Travis Nauman</origin>
            <origin>Colby Brungard</origin>
            <origin>Sharon Waltman</origin>
            <origin>Skye Wills</origin>
            <origin>James Thompson</origin>
            <pubdate>20180112</pubdate>
            <title>Soil Property and Class Maps of the Conterminous United States at 100‐Meter Spatial Resolution</title>
            <geoform>raster digital data</geoform>
            <serinfo>
              <sername>Soil Science Society of America Journal</sername>
              <issue>vol. 82, issue 1</issue>
            </serinfo>
            <pubinfo>
              <pubplace>n/a</pubplace>
              <publish>Wiley</publish>
            </pubinfo>
            <othercit>ppg. 186-201</othercit>
            <onlink>https://doi.org/10.2136/sssaj2017.04.0122</onlink>
          </citeinfo>
        </srccite>
        <typesrc>Digital and/or Hardcopy</typesrc>
        <srctime>
          <timeinfo>
            <sngdate>
              <caldate>2018</caldate>
            </sngdate>
          </timeinfo>
          <srccurr>ground condition</srccurr>
        </srctime>
        <srccitea>Soils variables</srccitea>
        <srccontr>Environmental predictors</srccontr>
      </srcinfo>
      <srcinfo>
        <srccite>
          <citeinfo>
            <origin>LANDFIRE</origin>
            <pubdate>2016</pubdate>
            <title>Public LANDFIRE Reference Database</title>
            <geoform>tabular digital data</geoform>
            <othercit>LANDFIRE (LF) 2016 Remap (LF 2.0.0) reference database (LFRDB). https://landfire.gov/lfrdb.php</othercit>
            <onlink>https://landfire.gov/reference/lfrdb</onlink>
          </citeinfo>
        </srccite>
        <typesrc>Digital and/or Hardcopy</typesrc>
        <srctime>
          <timeinfo>
            <rngdates>
              <begdate>1960</begdate>
              <enddate>2016</enddate>
            </rngdates>
          </timeinfo>
          <srccurr>ground condition</srccurr>
        </srctime>
        <srccitea>LANDFIRE reference database</srccitea>
        <srccontr>plot-level vegetation data</srccontr>
      </srcinfo>
      <srcinfo>
        <srccite>
          <citeinfo>
            <origin>LANDFIRE</origin>
            <pubdate>2016</pubdate>
            <title>LANDFIRE biophysical settings layer</title>
            <geoform>tabular digital data</geoform>
            <onlink>https://landfire.gov/bps.php</onlink>
          </citeinfo>
        </srccite>
        <typesrc>Digital and/or Hardcopy</typesrc>
        <srctime>
          <timeinfo>
            <sngdate>
              <caldate>2016</caldate>
            </sngdate>
          </timeinfo>
          <srccurr>ground condition</srccurr>
        </srctime>
        <srccitea>LANDFIRE biophysical settings</srccitea>
        <srccontr>Environmental predictors</srccontr>
      </srcinfo>
      <srcinfo>
        <srccite>
          <citeinfo>
            <origin>United States Census</origin>
            <pubdate>20230101</pubdate>
            <title>TIGER/Line Shapefiles</title>
            <geoform>vector digital data</geoform>
            <onlink>https://www.census.gov/geographies/mapping-files/time-series/geo/tiger-line-file.html</onlink>
          </citeinfo>
        </srccite>
        <typesrc>Digital and/or Hardcopy</typesrc>
        <srctime>
          <timeinfo>
            <rngdates>
              <begdate>2007</begdate>
              <enddate>2023</enddate>
            </rngdates>
          </timeinfo>
          <srccurr>2007-2023</srccurr>
        </srctime>
        <srccitea>Transportation data</srccitea>
        <srccontr>Used to create a spatial layer denoting distances from roads and trails.</srccontr>
      </srcinfo>
      <procstep>
        <procdesc>Raster values were calculated using projections from random forests in the statistical program R. The random forests used plot-level cover of non-native functional types in burned plots as response variables, and bioclimatic variables derived from ClimateNA normals from 1981 to 2010, transportation data calculating distance from roads and trails, Landfire biophysical layers, soil variables (% sand, % clay), and geography (continuous heat-insolation load index) as predictor variables. To project potential climate-driven changes in post-fire invasion risk of functional types that benefited from fire, we used future projections of climate variables across the western United States to map predicted changes in post-fire risk for mid (2041–2070) and end (2071–2100) of century under medium (SSP245) and high (SSP585) greenhouse gas emission scenarios. We fit random forests using the 'randomForest' package in R, and assessed accuracy using Pearson correlations between training and out of bag samples. We assessed spatial autocorrelation of model results by visual inspection of residuals across plot locations in the western United States to ensure there were no spatial patterns in areas of over or under prediction.</procdesc>
        <srcused>ClimateNA</srcused>
        <srcused>SPCIS</srcused>
        <srcused>Soils variables</srcused>
        <srcused>LANDFIRE reference database</srcused>
        <srcused>Transportation data</srcused>
        <srcused>LANDFIRE biophysical settings</srcused>
        <procdate>2023</procdate>
      </procstep>
    </lineage>
  </dataqual>
  <spdoinfo>
    <direct>Raster</direct>
    <rastinfo>
      <rasttype>Grid Cell</rasttype>
      <rowcount>28727</rowcount>
      <colcount>22717</colcount>
      <vrtcount>1</vrtcount>
    </rastinfo>
  </spdoinfo>
  <spref>
    <horizsys>
      <planar>
        <mapproj>
          <mapprojn>Albers Conical Equal Area</mapprojn>
          <albers>
            <stdparll>20.0</stdparll>
            <stdparll>60.0</stdparll>
            <longcm>-96.0</longcm>
            <latprjo>40.0</latprjo>
            <feast>0.0</feast>
            <fnorth>0.0</fnorth>
          </albers>
        </mapproj>
        <planci>
          <plance>row and column</plance>
          <coordrep>
            <absres>98.46933389233666</absres>
            <ordres>98.46933389233682</ordres>
          </coordrep>
          <plandu>meters</plandu>
        </planci>
      </planar>
      <geodetic>
        <horizdn>North_American_Datum_1983</horizdn>
        <ellips>GRS 1980</ellips>
        <semiaxis>6378137.0</semiaxis>
        <denflat>298.257222101004</denflat>
      </geodetic>
    </horizsys>
  </spref>
  <eainfo>
    <detailed>
      <enttyp>
        <enttypl>sl_grass_current.TIF</enttypl>
        <enttypd>Raster geospatial data file.</enttypd>
        <enttypds>Producer Defined</enttypds>
      </enttyp>
      <attr>
        <attrlabl>Value</attrlabl>
        <attrdef>Unique numeric values contained in each raster cell represent the projected post-fire cover of non-native short-lived C3 grasses for the current time period (1981-2010). Raster values were capped at 50%. However, values should be interpreted as relative risk, with higher values indicating more risk, and lower values indicating lower risk.</attrdef>
        <attrdefs>Producer Defined</attrdefs>
        <attrdomv>
          <rdom>
            <rdommin>0</rdommin>
            <rdommax>50</rdommax>
            <attrunit>Percent</attrunit>
          </rdom>
        </attrdomv>
      </attr>
    </detailed>
    <detailed>
      <enttyp>
        <enttypl>sl_forb_late_245.TIF</enttypl>
        <enttypd>Raster geospatial data file.</enttypd>
        <enttypds>Producer Defined</enttypds>
      </enttyp>
      <attr>
        <attrlabl>Value</attrlabl>
        <attrdef>Unique numeric values contained in each raster cell represent the projected post-fire cover of non-native short-lived forbs for the end of the century (2071-2100) under a low emissions scenario (SSP-245). However, values should be interpreted as relative risk, with higher values indicating more risk, and lower values indicating lower risk.</attrdef>
        <attrdefs>Producer Defined</attrdefs>
        <attrdomv>
          <rdom>
            <rdommin>0</rdommin>
            <rdommax>30</rdommax>
            <attrunit>Percent</attrunit>
          </rdom>
        </attrdomv>
      </attr>
    </detailed>
    <detailed>
      <enttyp>
        <enttypl>sl_grass_mid_245.TIF</enttypl>
        <enttypd>Raster geospatial data file.</enttypd>
        <enttypds>Producer Defined</enttypds>
      </enttyp>
      <attr>
        <attrlabl>Value</attrlabl>
        <attrdef>Unique numeric values contained in each raster cell represent the projected post-fire cover of non-native short-lived C3 grasses for mid-century (2041-2070) under a low emissions scenario (SSP245). Raster values were capped at 50%. However, values should be interpreted as relative risk, with higher values indicating more risk, and lower values indicating lower risk.</attrdef>
        <attrdefs>Producer Defined</attrdefs>
        <attrdomv>
          <rdom>
            <rdommin>0.0</rdommin>
            <rdommax>50.0</rdommax>
            <attrunit>Percent</attrunit>
          </rdom>
        </attrdomv>
      </attr>
    </detailed>
    <detailed>
      <enttyp>
        <enttypl>sl_forb_current.TIF</enttypl>
        <enttypd>Raster geospatial data file.</enttypd>
        <enttypds>Producer Defined</enttypds>
      </enttyp>
      <attr>
        <attrlabl>Value</attrlabl>
        <attrdef>Unique numeric values contained in each raster cell represent the projected post-fire cover of non-native short-lived forbs for the current time period (1981-2010). However, values should be interpreted as relative risk, with higher values indicating more risk, and lower values indicating lower risk.</attrdef>
        <attrdefs>Producer Defined</attrdefs>
        <attrdomv>
          <rdom>
            <rdommin>0.0</rdommin>
            <rdommax>31.0</rdommax>
            <attrunit>Percent</attrunit>
          </rdom>
        </attrdomv>
      </attr>
    </detailed>
    <detailed>
      <enttyp>
        <enttypl>sl_forb_mid_245.TIF</enttypl>
        <enttypd>Raster geospatial data file.</enttypd>
        <enttypds>Producer Defined</enttypds>
      </enttyp>
      <attr>
        <attrlabl>Value</attrlabl>
        <attrdef>Unique numeric values contained in each raster cell represent the projected post-fire cover of non-native short-lived forbs for mid-century (2041-2070) under a low emissions scenario (SSP245).  However, values should be interpreted as relative risk, with higher values indicating more risk, and lower values indicating lower risk.</attrdef>
        <attrdefs>Producer Defined</attrdefs>
        <attrdomv>
          <rdom>
            <rdommin>0.0</rdommin>
            <rdommax>31.0</rdommax>
            <attrunit>Percent</attrunit>
          </rdom>
        </attrdomv>
      </attr>
    </detailed>
    <detailed>
      <enttyp>
        <enttypl>sl_forb_mid_585.TIF</enttypl>
        <enttypd>Raster geospatial data file.</enttypd>
        <enttypds>Producer Defined</enttypds>
      </enttyp>
      <attr>
        <attrlabl>Value</attrlabl>
        <attrdef>Unique numeric values contained in each raster cell represent the projected post-fire cover of non-native short-lived forbs for mid-century (2041-2070) under a high emissions scenario (SSP585).  However, values should be interpreted as relative risk, with higher values indicating more risk, and lower values indicating lower risk.</attrdef>
        <attrdefs>Producer Defined</attrdefs>
        <attrdomv>
          <rdom>
            <rdommin>0.0</rdommin>
            <rdommax>32.0</rdommax>
            <attrunit>Percent</attrunit>
          </rdom>
        </attrdomv>
      </attr>
    </detailed>
    <detailed>
      <enttyp>
        <enttypl>sl_forb_late_585.TIF</enttypl>
        <enttypd>Raster geospatial data file.</enttypd>
        <enttypds>Producer Defined</enttypds>
      </enttyp>
      <attr>
        <attrlabl>Value</attrlabl>
        <attrdef>Unique numeric values contained in each raster cell represent the projected post-fire cover of non-native short-lived forbs by the end of the century (2071-2100) under a high emissions scenario (SSP585).  However, values should be interpreted as relative risk, with higher values indicating more risk, and lower values indicating lower risk.</attrdef>
        <attrdefs>Producer Defined</attrdefs>
        <attrdomv>
          <rdom>
            <rdommin>0.0</rdommin>
            <rdommax>30.0</rdommax>
            <attrunit>Percent</attrunit>
          </rdom>
        </attrdomv>
      </attr>
    </detailed>
    <detailed>
      <enttyp>
        <enttypl>sl_grass_mid_585.TIF</enttypl>
        <enttypd>Raster geospatial data file.</enttypd>
        <enttypds>Producer Defined</enttypds>
      </enttyp>
      <attr>
        <attrlabl>Value</attrlabl>
        <attrdef>Unique numeric values contained in each raster cell represent the projected post-fire cover of non-native short-lived C3 grasses for mid-century (2041-2070) under a high emissions scenario (SSP585). Raster values were capped at 50%. However, values should be interpreted as relative risk, with higher values indicating more risk, and lower values indicating lower risk.</attrdef>
        <attrdefs>Producer Defined</attrdefs>
        <attrdomv>
          <rdom>
            <rdommin>0.0</rdommin>
            <rdommax>50.0</rdommax>
            <attrunit>Percent</attrunit>
          </rdom>
        </attrdomv>
      </attr>
    </detailed>
    <detailed>
      <enttyp>
        <enttypl>sl_grass_late_585.TIF</enttypl>
        <enttypd>Raster geospatial data file.</enttypd>
        <enttypds>Producer Defined</enttypds>
      </enttyp>
      <attr>
        <attrlabl>Value</attrlabl>
        <attrdef>Unique numeric values contained in each raster cell represent the projected post-fire cover of non-native short-lived C3 grasses for the end of the century (2071-2100) under a high emissions scenario (SSP585). Raster values were capped at 50%. However, values should be interpreted as relative risk, with higher values indicating more risk, and lower values indicating lower risk.</attrdef>
        <attrdefs>Producer Defined</attrdefs>
        <attrdomv>
          <rdom>
            <rdommin>0.0</rdommin>
            <rdommax>50.0</rdommax>
            <attrunit>Percent</attrunit>
          </rdom>
        </attrdomv>
      </attr>
    </detailed>
    <detailed>
      <enttyp>
        <enttypl>sl_grass_late_245.TIF</enttypl>
        <enttypd>Raster geospatial data file.</enttypd>
        <enttypds>Producer Defined</enttypds>
      </enttyp>
      <attr>
        <attrlabl>Value</attrlabl>
        <attrdef>Unique numeric values contained in each raster cell represent the projected post-fire cover of non-native short-lived C3 grasses for the end of the century (2071-2100) under a low emissions scenario (SSP245). Raster values were capped at 50%. However, values should be interpreted as relative risk, with higher values indicating more risk, and lower values indicating lower risk.</attrdef>
        <attrdefs>Producer Defined</attrdefs>
        <attrdomv>
          <rdom>
            <rdommin>0.0</rdommin>
            <rdommax>50.0</rdommax>
            <attrunit>Percent</attrunit>
          </rdom>
        </attrdomv>
      </attr>
    </detailed>
  </eainfo>
  <distinfo>
    <distrib>
      <cntinfo>
        <cntperp>
          <cntper>GS ScienceBase</cntper>
          <cntorg>U.S. Geological Survey</cntorg>
        </cntperp>
        <cntaddr>
          <addrtype>mailing address</addrtype>
          <address>Denver Federal Center, Building 810, Mail Stop 302</address>
          <city>Denver</city>
          <state>CO</state>
          <postal>80225</postal>
          <country>United States</country>
        </cntaddr>
        <cntvoice>1-888-275-8747</cntvoice>
        <cntemail>sciencebase@usgs.gov</cntemail>
      </cntinfo>
    </distrib>
    <distliab>Unless otherwise stated, all data, metadata and related materials are considered to satisfy the quality standards relative to the purpose for which the data were collected. Although these data and associated metadata have been reviewed for accuracy and completeness and approved for release by the U.S. Geological Survey (USGS), no warranty expressed or implied is made regarding the display or utility of the data for other purposes, nor on all computer systems, nor shall the act of distribution constitute any such warranty.</distliab>
    <stdorder>
      <digform>
        <digtinfo>
          <formname>Digital Data</formname>
        </digtinfo>
        <digtopt>
          <onlinopt>
            <computer>
              <networka>
                <networkr>https://doi.org/10.5066/P14X9ZQW</networkr>
              </networka>
            </computer>
          </onlinopt>
        </digtopt>
      </digform>
      <fees>None</fees>
    </stdorder>
  </distinfo>
  <metainfo>
    <metd>20240904</metd>
    <metc>
      <cntinfo>
        <cntperp>
          <cntper>FORT Data Management</cntper>
          <cntorg>U.S. Geological Survey, Fort Collins Science Center</cntorg>
        </cntperp>
        <cntpos>FORT Data Management</cntpos>
        <cntaddr>
          <addrtype>mailing address</addrtype>
          <address>2150 Centre Avenue Bldg C</address>
          <city>Fort Collins</city>
          <state>CO</state>
          <postal>80526</postal>
          <country>United States</country>
        </cntaddr>
        <cntvoice>9702269100</cntvoice>
        <cntemail>fortdatamanagement@usgs.gov</cntemail>
      </cntinfo>
    </metc>
    <metstdn>FGDC Biological Data Profile of the Content Standard for Digital Geospatial Metadata</metstdn>
    <metstdv>FGDC-STD-001.1-1999</metstdv>
  </metainfo>
</metadata>
